{
	"theme": "ExtJSNeptune",
	"cssFallback": true,
	"blocks": [{
		"block": "top",
		"name": "cHeader",
        "import": "js.tools.shared.cHeader.cHeader",
		"add": true,
		"width" : "auto",
		"height" : 30,
		"cssClass": "",
        "bodyStyle": "padding: 0px",
        "collapsible": true,
		"content" : "<div style=\"background-color:darkgreen;height:30px;color:white;\"><div style=\"text-align:center;vertical-align:center;padding-top:8px;\"><b>Global Tree Cover Viewer</b></div></div>",
        "dddcontent" : "hello",
        "link": "http://earlywarning.usgs.gov"
	},
    {
        "block": "left",
		"name": "cTOCDesktopLike",
        "import": "js.tools.shared.cTOCDesktopLike.cTOCDesktopLike",
		"add": false,
		"width" : 300,
		"height" : "auto",
		"title": "TOC",
        "toolbar": {
            "position": "bottom",
            "add": false,
            "style": "background-color: transparent;",
            "overflowMenu": false,
            "items": [{
                "name": "cExternalLinkButtonTool",
                "import": "js.tools.shared.cExternalLinkButtonTool.cExternalLinkButtonTool",
                "add": true,
                "url": "http://vegdri.cr.usgs.gov",
                "tooltip": "Monitoring Drought - Home",
                "icon": "fa-home",
                "width": 30
            }]
        },
        "blocks": [{
            "name": "cDefaultToc",
            "import": "js.tools.shared.cDefaultToc.cDefaultToc",
            "add": false,
            "width": 100,
            "height": 350,
            "titleLength":20
        },
        {
            "name": "cTransparency",
            "import": "js.tools.shared.cTransparency.cTransparency",
            "add": true,
            "height": 100,
            "width": "90%"
        }
        ]

    },
	{
		"block": "left",
		"name": "cToc",
        "import": "js.tools.shared.cToc.cToc",
		"add": true,
		"width" : 320,
		"height" : "auto",
		"title": "TOC",
        "collapsible": true,
                    "toolbar":
                        {
                            "position": "top",
                            "add": true,
                            "transparentBackground": false,
                            "overflowMenu": false,
                            "items":
                            [{

                                "name": "cExternalLinkButtonTool",
                                "import": "js.tools.shared.cExternalLinkButtonTool.cExternalLinkButtonTool",
                                "add": true,
                                "url": "https://landcover.usgs.gov/glc/",
                                "tooltip": "Monitoring Drought - Home",
                                "icon": "fa-home",
                                "width": 25
                            },

                            {
                                "name": "cDataDownloadLinksMenuTool",
                                "import": "js.tools.glc.cDataDownloadLinksMenuTool.cDataDownloadLinksMenuTool",
                                "label":"Download Data",
                                "add": true,
                                "tooltip": "",
                                "items": [
                                    {
                                        "name": "cDataDownloadLinksItem",
                                        "import": "js.tools.glc.cDataDownloadLinksItem.cDataDownloadLinksItem",
                                        "text": "Download Reference Data",
                                        "link": "https://landcover.usgs.gov/glc/SitesDescriptionAndDownloads.php"
                                    },
                                    {
                                        "name": "cDataDownloadLinksItem",
                                        "import": "js.tools.glc.cDataDownloadLinksItem.cDataDownloadLinksItem",
                                        "text": "Download Global Surface Water",
                                        "link": "https://landcover.usgs.gov/glc/WaterDescriptionAndDownloads.php"
                                    },
                                    {
                                        "name": "cDataDownloadLinksItem",
                                        "import": "js.tools.glc.cDataDownloadLinksItem.cDataDownloadLinksItem",
                                        "text": "Download Percent Tree Cover Data",
                                        "link": "https://landcover.usgs.gov/glc/TreeCoverDescriptionAndDownloads.php"
                                    },
                                    {
                                        "name": "cDataDownloadLinksItem",
                                        "import": "js.tools.glc.cDataDownloadLinksItem.cDataDownloadLinksItem",
                                        "text": "Download Percent Bare Ground",
                                        "link": "https://landcover.usgs.gov/glc/BareGroundDescriptionAndDownloads.php"
                                    }
                                ]
                            }



                            ]
                        },
        "blocks": [{
            "block": "center",
            "name": "cTocTabPanel",
            "import": "js.tools.shared.cTocTabPanel.cTocTabPanel",
            "add": true,
            "blocks": [{
                "add": true,
                "title": "Contents",
                "name": "cTocContentsTab",
                "import": "js.tools.shared.cTocContentsTab.cTocContentsTab",
                "blocks": [{
                    "block": "center",
                    "add": true,
                    "width": "100%",
                    "height": "50%",
                    "title": "Dataset",
                    "name": "cTocContainer",
                    "import": "js.tools.shared.cTocContainer.cTocContainer",
                    "blocks": [
                        {
                            "name": "cDefaultToc",
                            "import": "js.tools.shared.cDefaultToc.cDefaultToc",
                            "add": true,
                            "width": 320,
                            "height": 180,
                            "titleLength":20
                        }
                        ,
                        {
                            "name": "cTransparency",
                            "import": "js.tools.shared.cTransparency.cTransparency",
                            "add": true,
                            "height": 50,
                            "width": "90%"
                        }
                    ]
                }]
            }, {
                "add": true,
                "title": "Legend",
                "name": "cTocLegendTab",
                "import": "js.tools.shared.cTocLegendTab.cTocLegendTab"
            }]
        }]
	},
	{


            "block": "center",
            "name": "cMapWindow",
            "import": "js.tools.shared.cMapWindow.cMapWindow",
            "add": true,
            "width": 580,
            "height": 650,
            "x": 410,
            "y": 90,
            "collapsible": true,
            "toolbar": {
                "position": "top",
                "overflowMenu": true,
                "items": [
                {
                    "name": "cPanTool",
                    "import": "js.tools.shared.cPanTool.cPanTool",
                    "title": "",
                    "add": true,
                    "cssClass": "",
                    "tooltip": "a Pan Tool"
                },
                {
                    "name": "cExtentDragBoxTool",
                    "import": "js.tools.shared.cExtentDragBoxTool.cExtentDragBoxTool",
                    "title": "",
                    "add": true,
                    "cssClass": "",
                    "tooltip": "a Pan Tool"
                }
                ,
                {
                    "name": "cRevertExtentTool",
                    "import": "js.tools.shared.cRevertExtentTool.cRevertExtentTool",
                    "title": "",
                    "add": true,
                    "cssClass": "",
                    "tooltip": "Zoom to Previous"
                },
                {
                    "name": "cIdentifyTool",
                    "import": "js.tools.shared.cIdentifyTool.cIdentifyTool",
                    "title": "",
                    "add": true,
                    "pressed":true,
                    "cssClass": "",
                    "tooltip": "Identify Tool"
                },
                {
                    "name": "cGraphTool",
                    "import": "js.tools.shared.cGraphTool.cGraphTool",
                    "title": "",
                    "add": false,
                    "cssClass": "",
                    "tooltip": "graph Tool"
                },
                {
                    "name": "cSpacer",
                    "import": "js.tools.shared.cSpacer.cSpacer",
                    "add": true
                },
                {
                    "name": "cDatasetExplorerTool",
                    "import": "js.tools.shared.cDatasetExplorerTool.cDatasetExplorerTool",
                    "title": "",
                    "add": false,
                    "cssClass": "",
                    "tooltip": "Open date picker"
                },
                {
                    "name": "cDatePickerTool",
                    "import": "js.tools.shared.cDatePickerTool.cDatePickerTool",
                    "title": "",
                    "add": false,
                    "cssClass": "",
                    "pickerType": "combobox",
                    "tooltip": "Open date picker"
                },
                {
                    "name": "cAddMapWindowTool",
                     "import": "js.tools.shared.cAddMapWindowTool.cAddMapWindowTool",
                    "title": "",
                    "add": false,
                    "cssClass": "",
                    "tooltip": "New Map Window"
                },
                {
                    "name": "cMapLegendTool",
                    "import": "js.tools.shared.cMapLegendTool.cMapLegendTool",
                    "add": false,
                    "tooltip": "Toggle map legend",
                    "pressed": true
                }
                ]
            },
            "blocks":[{
                "block": "top",
                "name": "cMapPanel",
                "import": "js.tools.shared.cMapPanel.cMapPanel",
                "add": true,
                "interactions": [
                    "pan",
                    "zoom"
                ],
                "blocks": [{
                    "name": "cMapLegend",
                    "import": "js.tools.shared.cMapLegend.cMapLegend",
                    "block": "relative",
                    "add": true
                }]
            }, {
                "block": "bottom",
                "title": "Historical Zonal Statistics Plot",
                "name": "cMapWindowChartArea",
                "import": "js.tools.shared.cMapWindowChartArea.cMapWindowChartArea",
                "add": false,
                "collapsible": true,
                "blocks": [{
                    "block": "center",
                    "name": "cTabPanel",
                    "import": "js.tools.shared.cTabPanel.cTabPanel",
                    "add": true,
                    "blocks": [{
                        "block": "center",
                        "name": "cChartContainer",
                        "import": "js.tools.shared.cChartContainer.cChartContainer",
                        "add": "true",
                        "isDefault": false,
                        "toolbar": {
                            "overflowMenu": true,
                            "items": [{
                                "name": "cPeriodTypeCombo",
                                "import": "js.tools.shared.cPeriodTypeCombo.cPeriodTypeCombo",
                                "title": "",
                                "add": true,
                                "tooltip": "Select Period Type",
                                "saveSelection": true,
                                "width": 75
                            },
                            {
                                "name": "cYearsCombo",
                                "import": "js.tools.shared.cYearsCombo.cYearsCombo",
                                "title": "",
                                "add": true,
                                "tooltip": "Select Years",
                                "saveSelection": true,
                                "showByDefault": {
                                    "top": 3,
                                    "list": ["stm"]
                                },
                                "width": 120
                            },
                            {
                                "name": "cZonesCombo",
                                "import": "js.tools.shared.cZonesCombo.cZonesCombo",
                                "title": "",
                                "add": true,
                                "tooltip": "Select Zone",
                                "saveSelection": true,
                                "width": 120
                            },
                            {
                                "name": "cChartTypeCombo",
                                "import": "js.tools.shared.cChartTypeCombo.cChartTypeCombo",
                                "title": "",
                                "add": true,
                                "tooltip": "Select Chart Type",
                                "saveSelection": true,
                                "width": 90
                            },
                            {
                                "name": "cSpacer",
                                "import": "js.tools.shared.cSpacer.cSpacer",
                                "add": true
                            },
                            {
                                "name": "cDockChart",
                                "import": "js.tools.shared.cDockChart.cDockChart",
                                "title": "",
                                "add": true,
                                "tooltip": "Dock Window",
                                "saveSelection": true,
                                "dockedState": "docked"
                            },
                            {
                                "name": "cChartToolsMenu",
                                "import": "js.tools.shared.cChartToolsMenu.cChartToolsMenu",
                                "title": "",
                                "height": 24,
                                "width": 45,
                                "add": true,
                                "tooltip": "Chart Tools",
                                "items": [{
                                    "name": "cMenuLabel",
                                    "import": "js.tools.shared.cMenuLabel.cMenuLabel",
                                    "label": "Download:"
                                }, {
                                    "name": "cExportPNG",
                                    "import": "js.tools.shared.cExportPNG.cExportPNG",
                                    "title": "PNG",
                                    "add": true,
                                    "cssClass": "",
                                    "tooltip": "Save chart as PNG"
                                },
                                {
                                    "name": "cExportCSV",
                                    "import": "js.tools.shared.cExportCSV.cExportCSV",
                                    "title": "CSV",
                                    "add": true,
                                    "cssClass": "",
                                    "tooltip": "Export data as CSV"
                                }]
                            },
                            {
                                "name": "cChartLegend",
                                "import": "js.tools.shared.cChartLegend.cChartLegend",
                                "title": "",
                                "add": true,
                                "cssClass": "",
                                "tooltip": "Show Chart Legend",
                                "pressed": true,
                                "legendPosition": "bottom"
                            }]
                        }
                    }]
                }]
            }]

	},
	{
		"block": "right",
		"name": "cTools",
        "import": "js.tools.shared.cTools.cTools",
		"add": true,
		"width" : 250,
		"height" : "auto",
        "collapsible" : true,
        "collapsed": true,
		"blocks": [{
			"name": "cFeatureInfoPanel",
            "import": "js.tools.shared.cFeatureInfoPanel.cFeatureInfoPanel",
			"add": true,
			"title": "Feature Info",
			"height" : 300,
            "width": "100%",
            "collapsible" : true,
            "collapsed": true,
			"cssClass": ""
		}, {
			"name": "cSpatialLocking",
            "import": "js.tools.shared.cSpatialLocking.cSpatialLocking",
			"add": false,
			"title": "Spatial Locking Tool",
			"height" : 250,
            "collapsible" : true,
			"cssClass": ""
		}, {
			"name": "cArrangeWindows",
            "import": "js.tools.shared.cArrangeWindows.cArrangeWindows",
			"add": true,
			"title": "Arrange Windows Tool",
			"height" : 250,
            "collapsible" : true,
			"cssClass": ""
		}]
	}],
	"useGoogleAnalytics": {
		"add": true,
		"onlyLoadIfHostname": "earlywarning.usgs.gov",
		"location": "configs/google-analytics.js"
	},
	"host": "earlywarning.usgs.gov"
}
