{
  "regions" : [{
      "id" : "conus",
      "name" : "conus",
      "title" : "Continental U.S.",
      "srs" : "EPSG:3857",
      "iconPath" : "images/regionTool/AfricaRegionIcon.gif",
      "bbox" : [-14050534.55774848, 2744640.4665941633, -7370006.182461236, 6436288.592861893],
      "comments" : "basemap is in 3857 so bbox coords are in same format"
    }, {
      "id" : "pr",
      "name" : "puertorico",
      "title" : "Puerto Rico",
      "srs" : "EPSG:3857",
      "iconPath" : "images/regionTool/AfricaRegionIcon.gif",
      "bbox" : [-7577994.415601689, 1955517.6232933784, -7169117.551026768, 2130555.2108037127],
      "comments" : "basemap is in 3857 so bbox coords are in same format"
    }, {
      "id" : "hawaii",
      "name" : "hawaii",
      "title" : "Hawaii",
      "srs" : "EPSG:3857",
      "iconPath" : "images/regionTool/AfricaRegionIcon.gif",
      "bbox" : [-17880834.583681367, 2091531.6983737415, -17167009.422115784, 2592029.8001611037],
      "comments" : "basemap is in 3857 so bbox coords are in same format"
    }, {
      "id" : "alaska",
      "name" : "alaska",
      "title" : "Alaska",
      "srs" : "EPSG:3857",
      "iconPath" : "images/regionTool/AfricaRegionIcon.gif",
      "bbox" : [-21130569.57933913, 6410644.706156057, -13984730.972151272, 11748076.982777948],
      "comments" : "basemap is in 3857 so bbox coords are in same format"
    }, {
      "id" : "all",
      "name" : "all",
      "title" : "All",
      "srs" : "EPSG:3857",
      "iconPath" : "images/regionTool/AfricaRegionIcon.gif",
      "bbox" : [-21131614.59809942, 1738458.5367218554, -6868029.132548034, 11788281.678624384],
      "comments" : "basemap is in 3857 so bbox coords are in same format"
    }
  ]
}